Model	Transcription factor
ANDR_HUMAN.H11MO.0.A	AR
ANDR_HUMAN.H11MO.1.A	AR
ANDR_HUMAN.H11MO.2.A	AR
AP2A_HUMAN.H11MO.0.A	TFAP2A
AP2C_HUMAN.H11MO.0.A	TFAP2C
ASCL1_HUMAN.H11MO.0.A	ASCL1
ATF3_HUMAN.H11MO.0.A	ATF3
ATF4_HUMAN.H11MO.0.A	ATF4
BACH1_HUMAN.H11MO.0.A	BACH1
BACH2_HUMAN.H11MO.0.A	BACH2
BATF_HUMAN.H11MO.0.A	BATF
BATF_HUMAN.H11MO.1.A	BATF
BC11A_HUMAN.H11MO.0.A	BCL11A
BCL6_HUMAN.H11MO.0.A	BCL6
BHE40_HUMAN.H11MO.0.A	BHLHE40
BMAL1_HUMAN.H11MO.0.A	ARNTL
BRAC_HUMAN.H11MO.0.A	T
CDX2_HUMAN.H11MO.0.A	CDX2
CEBPA_HUMAN.H11MO.0.A	CEBPA
CEBPB_HUMAN.H11MO.0.A	CEBPB
CEBPE_HUMAN.H11MO.0.A	CEBPE
COE1_HUMAN.H11MO.0.A	EBF1
COT2_HUMAN.H11MO.0.A	NR2F2
COT2_HUMAN.H11MO.1.A	NR2F2
CREB1_HUMAN.H11MO.0.A	CREB1
CTCFL_HUMAN.H11MO.0.A	CTCFL
CTCF_HUMAN.H11MO.0.A	CTCF
DUX4_HUMAN.H11MO.0.A	DUX4
E2F1_HUMAN.H11MO.0.A	E2F1
E2F3_HUMAN.H11MO.0.A	E2F3
E2F4_HUMAN.H11MO.0.A	E2F4
E2F4_HUMAN.H11MO.1.A	E2F4
E2F6_HUMAN.H11MO.0.A	E2F6
EGR1_HUMAN.H11MO.0.A	EGR1
EGR2_HUMAN.H11MO.0.A	EGR2
EGR2_HUMAN.H11MO.1.A	EGR2
ELF1_HUMAN.H11MO.0.A	ELF1
ELF3_HUMAN.H11MO.0.A	ELF3
ELF5_HUMAN.H11MO.0.A	ELF5
ELK4_HUMAN.H11MO.0.A	ELK4
ERG_HUMAN.H11MO.0.A	ERG
ERR1_HUMAN.H11MO.0.A	ESRRA
ERR2_HUMAN.H11MO.0.A	ESRRB
ESR1_HUMAN.H11MO.0.A	ESR1
ESR1_HUMAN.H11MO.1.A	ESR1
ESR2_HUMAN.H11MO.0.A	ESR2
ESR2_HUMAN.H11MO.1.A	ESR2
ETS1_HUMAN.H11MO.0.A	ETS1
ETV1_HUMAN.H11MO.0.A	ETV1
FLI1_HUMAN.H11MO.0.A	FLI1
FLI1_HUMAN.H11MO.1.A	FLI1
FOSB_HUMAN.H11MO.0.A	FOSB
FOSL1_HUMAN.H11MO.0.A	FOSL1
FOSL2_HUMAN.H11MO.0.A	FOSL2
FOS_HUMAN.H11MO.0.A	FOS
FOXA1_HUMAN.H11MO.0.A	FOXA1
FOXA2_HUMAN.H11MO.0.A	FOXA2
FOXH1_HUMAN.H11MO.0.A	FOXH1
FOXJ3_HUMAN.H11MO.0.A	FOXJ3
FOXK1_HUMAN.H11MO.0.A	FOXK1
FOXM1_HUMAN.H11MO.0.A	FOXM1
FOXO1_HUMAN.H11MO.0.A	FOXO1
FOXP1_HUMAN.H11MO.0.A	FOXP1
GABPA_HUMAN.H11MO.0.A	GABPA
GATA1_HUMAN.H11MO.0.A	GATA1
GATA1_HUMAN.H11MO.1.A	GATA1
GATA2_HUMAN.H11MO.0.A	GATA2
GATA2_HUMAN.H11MO.1.A	GATA2
GATA3_HUMAN.H11MO.0.A	GATA3
GATA4_HUMAN.H11MO.0.A	GATA4
GATA6_HUMAN.H11MO.0.A	GATA6
GCR_HUMAN.H11MO.0.A	NR3C1
GCR_HUMAN.H11MO.1.A	NR3C1
GFI1B_HUMAN.H11MO.0.A	GFI1B
GRHL2_HUMAN.H11MO.0.A	GRHL2
HNF1B_HUMAN.H11MO.0.A	HNF1B
HNF1B_HUMAN.H11MO.1.A	HNF1B
HNF4A_HUMAN.H11MO.0.A	HNF4A
HSF1_HUMAN.H11MO.0.A	HSF1
HSF1_HUMAN.H11MO.1.A	HSF1
HSF2_HUMAN.H11MO.0.A	HSF2
HTF4_HUMAN.H11MO.0.A	TCF12
HXB13_HUMAN.H11MO.0.A	HOXB13
IRF1_HUMAN.H11MO.0.A	IRF1
IRF2_HUMAN.H11MO.0.A	IRF2
IRF4_HUMAN.H11MO.0.A	IRF4
ISL1_HUMAN.H11MO.0.A	ISL1
JUNB_HUMAN.H11MO.0.A	JUNB
JUND_HUMAN.H11MO.0.A	JUND
JUN_HUMAN.H11MO.0.A	JUN
KAISO_HUMAN.H11MO.0.A	ZBTB33
KAISO_HUMAN.H11MO.1.A	ZBTB33
KAISO_HUMAN.H11MO.2.A	ZBTB33
KLF15_HUMAN.H11MO.0.A	KLF15
KLF1_HUMAN.H11MO.0.A	KLF1
KLF4_HUMAN.H11MO.0.A	KLF4
KLF5_HUMAN.H11MO.0.A	KLF5
KLF6_HUMAN.H11MO.0.A	KLF6
LEF1_HUMAN.H11MO.0.A	LEF1
LHX2_HUMAN.H11MO.0.A	LHX2
LYL1_HUMAN.H11MO.0.A	LYL1
MAFG_HUMAN.H11MO.0.A	MAFG
MAFG_HUMAN.H11MO.1.A	MAFG
MAFK_HUMAN.H11MO.0.A	MAFK
MAFK_HUMAN.H11MO.1.A	MAFK
MAF_HUMAN.H11MO.0.A	MAF
MAX_HUMAN.H11MO.0.A	MAX
MAZ_HUMAN.H11MO.0.A	MAZ
MAZ_HUMAN.H11MO.1.A	MAZ
MEF2A_HUMAN.H11MO.0.A	MEF2A
MEF2B_HUMAN.H11MO.0.A	MEF2B
MEF2C_HUMAN.H11MO.0.A	MEF2C
MEF2D_HUMAN.H11MO.0.A	MEF2D
MEIS1_HUMAN.H11MO.0.A	MEIS1
MITF_HUMAN.H11MO.0.A	MITF
MXI1_HUMAN.H11MO.0.A	MXI1
MXI1_HUMAN.H11MO.1.A	MXI1
MYB_HUMAN.H11MO.0.A	MYB
MYCN_HUMAN.H11MO.0.A	MYCN
MYC_HUMAN.H11MO.0.A	MYC
MYOD1_HUMAN.H11MO.0.A	MYOD1
MYOD1_HUMAN.H11MO.1.A	MYOD1
NANOG_HUMAN.H11MO.0.A	NANOG
NDF1_HUMAN.H11MO.0.A	NEUROD1
NF2L2_HUMAN.H11MO.0.A	NFE2L2
NFE2_HUMAN.H11MO.0.A	NFE2
NFIC_HUMAN.H11MO.0.A	NFIC
NFIC_HUMAN.H11MO.1.A	NFIC
NFYA_HUMAN.H11MO.0.A	NFYA
NFYB_HUMAN.H11MO.0.A	NFYB
NFYC_HUMAN.H11MO.0.A	NFYC
NKX21_HUMAN.H11MO.0.A	NKX2-1
NR4A1_HUMAN.H11MO.0.A	NR4A1
NRF1_HUMAN.H11MO.0.A	NRF1
OTX2_HUMAN.H11MO.0.A	OTX2
P53_HUMAN.H11MO.0.A	TP53
P53_HUMAN.H11MO.1.A	TP53
P63_HUMAN.H11MO.0.A	TP63
P63_HUMAN.H11MO.1.A	TP63
P73_HUMAN.H11MO.0.A	TP73
P73_HUMAN.H11MO.1.A	TP73
PAX5_HUMAN.H11MO.0.A	PAX5
PBX1_HUMAN.H11MO.0.A	PBX1
PBX3_HUMAN.H11MO.0.A	PBX3
PBX3_HUMAN.H11MO.1.A	PBX3
PDX1_HUMAN.H11MO.0.A	PDX1
PDX1_HUMAN.H11MO.1.A	PDX1
PO2F2_HUMAN.H11MO.0.A	POU2F2
PO3F2_HUMAN.H11MO.0.A	POU3F2
PO5F1_HUMAN.H11MO.0.A	POU5F1
PO5F1_HUMAN.H11MO.1.A	POU5F1
PPARG_HUMAN.H11MO.0.A	PPARG
PPARG_HUMAN.H11MO.1.A	PPARG
PRD14_HUMAN.H11MO.0.A	PRDM14
PRDM1_HUMAN.H11MO.0.A	PRDM1
PRGR_HUMAN.H11MO.0.A	PGR
PRGR_HUMAN.H11MO.1.A	PGR
RARA_HUMAN.H11MO.0.A	RARA
RARA_HUMAN.H11MO.1.A	RARA
RARA_HUMAN.H11MO.2.A	RARA
REST_HUMAN.H11MO.0.A	REST
RFX2_HUMAN.H11MO.0.A	RFX2
RFX2_HUMAN.H11MO.1.A	RFX2
RFX5_HUMAN.H11MO.0.A	RFX5
RFX5_HUMAN.H11MO.1.A	RFX5
RUNX1_HUMAN.H11MO.0.A	RUNX1
RUNX2_HUMAN.H11MO.0.A	RUNX2
RUNX3_HUMAN.H11MO.0.A	RUNX3
RXRA_HUMAN.H11MO.0.A	RXRA
RXRA_HUMAN.H11MO.1.A	RXRA
SIX1_HUMAN.H11MO.0.A	SIX1
SIX2_HUMAN.H11MO.0.A	SIX2
SMAD2_HUMAN.H11MO.0.A	SMAD2
SNAI2_HUMAN.H11MO.0.A	SNAI2
SOX10_HUMAN.H11MO.1.A	SOX10
SOX2_HUMAN.H11MO.0.A	SOX2
SOX2_HUMAN.H11MO.1.A	SOX2
SP1_HUMAN.H11MO.0.A	SP1
SP1_HUMAN.H11MO.1.A	SP1
SP2_HUMAN.H11MO.0.A	SP2
SP4_HUMAN.H11MO.0.A	SP4
SP4_HUMAN.H11MO.1.A	SP4
SPI1_HUMAN.H11MO.0.A	SPI1
SPIB_HUMAN.H11MO.0.A	SPIB
SRBP1_HUMAN.H11MO.0.A	SREBF1
SRF_HUMAN.H11MO.0.A	SRF
STA5A_HUMAN.H11MO.0.A	STAT5A
STA5B_HUMAN.H11MO.0.A	STAT5B
STAT1_HUMAN.H11MO.0.A	STAT1
STAT1_HUMAN.H11MO.1.A	STAT1
STAT2_HUMAN.H11MO.0.A	STAT2
STAT3_HUMAN.H11MO.0.A	STAT3
STAT4_HUMAN.H11MO.0.A	STAT4
SUH_HUMAN.H11MO.0.A	RBPJ
TAF1_HUMAN.H11MO.0.A	TAF1
TAL1_HUMAN.H11MO.0.A	TAL1
TAL1_HUMAN.H11MO.1.A	TAL1
TBP_HUMAN.H11MO.0.A	TBP
TBX21_HUMAN.H11MO.0.A	TBX21
TCF7_HUMAN.H11MO.0.A	TCF7
TEAD1_HUMAN.H11MO.0.A	TEAD1
TEAD4_HUMAN.H11MO.0.A	TEAD4
TF65_HUMAN.H11MO.0.A	RELA
TF7L2_HUMAN.H11MO.0.A	TCF7L2
TFAP4_HUMAN.H11MO.0.A	TFAP4
TFE2_HUMAN.H11MO.0.A	TCF3
TGIF1_HUMAN.H11MO.0.A	TGIF1
TWST1_HUMAN.H11MO.0.A	TWIST1
TWST1_HUMAN.H11MO.1.A	TWIST1
TYY1_HUMAN.H11MO.0.A	YY1
USF1_HUMAN.H11MO.0.A	USF1
USF2_HUMAN.H11MO.0.A	USF2
VDR_HUMAN.H11MO.0.A	VDR
VDR_HUMAN.H11MO.1.A	VDR
ZBT17_HUMAN.H11MO.0.A	ZBTB17
ZBT7A_HUMAN.H11MO.0.A	ZBTB7A
ZEB1_HUMAN.H11MO.0.A	ZEB1
ZFP42_HUMAN.H11MO.0.A	ZFP42
ZFX_HUMAN.H11MO.0.A	ZFX
ZFX_HUMAN.H11MO.1.A	ZFX
ZN143_HUMAN.H11MO.0.A	ZNF143
ZN263_HUMAN.H11MO.0.A	ZNF263
ZN263_HUMAN.H11MO.1.A	ZNF263
ZN274_HUMAN.H11MO.0.A	ZNF274
ZN281_HUMAN.H11MO.0.A	ZNF281
ZN335_HUMAN.H11MO.0.A	ZNF335
ZN335_HUMAN.H11MO.1.A	ZNF335
AHR_HUMAN.H11MO.0.B	AHR
ALX1_HUMAN.H11MO.0.B	ALX1
AP2B_HUMAN.H11MO.0.B	TFAP2B
ARNT_HUMAN.H11MO.0.B	ARNT
ATF1_HUMAN.H11MO.0.B	ATF1
ATF2_HUMAN.H11MO.0.B	ATF2
ATF2_HUMAN.H11MO.1.B	ATF2
ATF6A_HUMAN.H11MO.0.B	ATF6
ATOH1_HUMAN.H11MO.0.B	ATOH1
BATF3_HUMAN.H11MO.0.B	BATF3
BHA15_HUMAN.H11MO.0.B	BHLHA15
BRAC_HUMAN.H11MO.1.B	T
CEBPG_HUMAN.H11MO.0.B	CEBPG
CRX_HUMAN.H11MO.0.B	CRX
DBP_HUMAN.H11MO.0.B	DBP
E2F2_HUMAN.H11MO.0.B	E2F2
E2F5_HUMAN.H11MO.0.B	E2F5
E2F7_HUMAN.H11MO.0.B	E2F7
EHF_HUMAN.H11MO.0.B	EHF
ELK1_HUMAN.H11MO.0.B	ELK1
EPAS1_HUMAN.H11MO.0.B	EPAS1
ERR3_HUMAN.H11MO.0.B	ESRRG
ETS2_HUMAN.H11MO.0.B	ETS2
ETV2_HUMAN.H11MO.0.B	ETV2
ETV4_HUMAN.H11MO.0.B	ETV4
EVI1_HUMAN.H11MO.0.B	MECOM
FEV_HUMAN.H11MO.0.B	FEV
FOXA3_HUMAN.H11MO.0.B	FOXA3
FOXI1_HUMAN.H11MO.0.B	FOXI1
FOXJ3_HUMAN.H11MO.1.B	FOXJ3
FOXO3_HUMAN.H11MO.0.B	FOXO3
GLI3_HUMAN.H11MO.0.B	GLI3
HNF4G_HUMAN.H11MO.0.B	HNF4G
HNF6_HUMAN.H11MO.0.B	ONECUT1
HXA9_HUMAN.H11MO.0.B	HOXA9
HXB4_HUMAN.H11MO.0.B	HOXB4
IRF3_HUMAN.H11MO.0.B	IRF3
IRF8_HUMAN.H11MO.0.B	IRF8
KLF3_HUMAN.H11MO.0.B	KLF3
MAFB_HUMAN.H11MO.0.B	MAFB
MAFF_HUMAN.H11MO.0.B	MAFF
MAFF_HUMAN.H11MO.1.B	MAFF
MAF_HUMAN.H11MO.1.B	MAF
MBD2_HUMAN.H11MO.0.B	MBD2
MEIS1_HUMAN.H11MO.1.B	MEIS1
MEIS2_HUMAN.H11MO.0.B	MEIS2
MYOG_HUMAN.H11MO.0.B	MYOG
MZF1_HUMAN.H11MO.0.B	MZF1
NANOG_HUMAN.H11MO.1.B	NANOG
NDF2_HUMAN.H11MO.0.B	NEUROD2
NFAC1_HUMAN.H11MO.0.B	NFATC1
NFAC1_HUMAN.H11MO.1.B	NFATC1
NFAC2_HUMAN.H11MO.0.B	NFATC2
NFAC3_HUMAN.H11MO.0.B	NFATC3
NFKB1_HUMAN.H11MO.1.B	NFKB1
NFKB2_HUMAN.H11MO.0.B	NFKB2
NKX25_HUMAN.H11MO.0.B	NKX2-5
NKX61_HUMAN.H11MO.0.B	NKX6-1
NKX61_HUMAN.H11MO.1.B	NKX6-1
NR1D1_HUMAN.H11MO.0.B	NR1D1
NR1H3_HUMAN.H11MO.0.B	NR1H3
NR1H3_HUMAN.H11MO.1.B	NR1H3
NR1H4_HUMAN.H11MO.0.B	NR1H4
NR1H4_HUMAN.H11MO.1.B	NR1H4
NR2C2_HUMAN.H11MO.0.B	NR2C2
NR5A2_HUMAN.H11MO.0.B	NR5A2
NR6A1_HUMAN.H11MO.0.B	NR6A1
OLIG2_HUMAN.H11MO.0.B	OLIG2
OLIG2_HUMAN.H11MO.1.B	OLIG2
PKNX1_HUMAN.H11MO.0.B	PKNOX1
PPARA_HUMAN.H11MO.0.B	PPARA
PPARA_HUMAN.H11MO.1.B	PPARA
PTF1A_HUMAN.H11MO.0.B	PTF1A
PTF1A_HUMAN.H11MO.1.B	PTF1A
RARG_HUMAN.H11MO.0.B	RARG
RARG_HUMAN.H11MO.1.B	RARG
REL_HUMAN.H11MO.0.B	REL
RFX1_HUMAN.H11MO.0.B	RFX1
RFX1_HUMAN.H11MO.1.B	RFX1
RFX3_HUMAN.H11MO.0.B	RFX3
RXRG_HUMAN.H11MO.0.B	RXRG
SALL4_HUMAN.H11MO.0.B	SALL4
SMAD3_HUMAN.H11MO.0.B	SMAD3
SMAD4_HUMAN.H11MO.0.B	SMAD4
SOX10_HUMAN.H11MO.0.B	SOX10
SOX3_HUMAN.H11MO.0.B	SOX3
SOX4_HUMAN.H11MO.0.B	SOX4
SOX9_HUMAN.H11MO.0.B	SOX9
SOX9_HUMAN.H11MO.1.B	SOX9
SP2_HUMAN.H11MO.1.B	SP2
SP3_HUMAN.H11MO.0.B	SP3
SRBP2_HUMAN.H11MO.0.B	SREBF2
SRY_HUMAN.H11MO.0.B	SRY
STAT6_HUMAN.H11MO.0.B	STAT6
STF1_HUMAN.H11MO.0.B	NR5A1
TF7L1_HUMAN.H11MO.0.B	TCF7L1
TFE3_HUMAN.H11MO.0.B	TFE3
THA11_HUMAN.H11MO.0.B	THAP11
WT1_HUMAN.H11MO.1.B	WT1
ZIC1_HUMAN.H11MO.0.B	ZIC1
ZIC3_HUMAN.H11MO.0.B	ZIC3
ZKSC1_HUMAN.H11MO.0.B	ZKSCAN1
ZN322_HUMAN.H11MO.0.B	ZNF322
AIRE_HUMAN.H11MO.0.C	AIRE
ARI5B_HUMAN.H11MO.0.C	ARID5B
ATF2_HUMAN.H11MO.2.C	ATF2
CDX1_HUMAN.H11MO.0.C	CDX1
CEBPD_HUMAN.H11MO.0.C	CEBPD
CLOCK_HUMAN.H11MO.0.C	CLOCK
COT1_HUMAN.H11MO.0.C	NR2F1
COT1_HUMAN.H11MO.1.C	NR2F1
CREM_HUMAN.H11MO.0.C	CREM
CUX1_HUMAN.H11MO.0.C	CUX1
DLX3_HUMAN.H11MO.0.C	DLX3
ELF2_HUMAN.H11MO.0.C	ELF2
ETV5_HUMAN.H11MO.0.C	ETV5
FEZF1_HUMAN.H11MO.0.C	FEZF1
FOXC1_HUMAN.H11MO.0.C	FOXC1
FOXJ2_HUMAN.H11MO.0.C	FOXJ2
FOXO4_HUMAN.H11MO.0.C	FOXO4
FOXP2_HUMAN.H11MO.0.C	FOXP2
FOXQ1_HUMAN.H11MO.0.C	FOXQ1
GFI1_HUMAN.H11MO.0.C	GFI1
HEN1_HUMAN.H11MO.0.C	NHLH1
HIC1_HUMAN.H11MO.0.C	HIC1
HIF1A_HUMAN.H11MO.0.C	HIF1A
HINFP_HUMAN.H11MO.0.C	HINFP
HLF_HUMAN.H11MO.0.C	HLF
HNF1A_HUMAN.H11MO.0.C	HNF1A
HXA10_HUMAN.H11MO.0.C	HOXA10
HXA13_HUMAN.H11MO.0.C	HOXA13
HXA1_HUMAN.H11MO.0.C	HOXA1
HXB7_HUMAN.H11MO.0.C	HOXB7
HXB8_HUMAN.H11MO.0.C	HOXB8
HXC9_HUMAN.H11MO.0.C	HOXC9
IKZF1_HUMAN.H11MO.0.C	IKZF1
INSM1_HUMAN.H11MO.0.C	INSM1
IRF7_HUMAN.H11MO.0.C	IRF7
IRF9_HUMAN.H11MO.0.C	IRF9
ITF2_HUMAN.H11MO.0.C	TCF4
KLF12_HUMAN.H11MO.0.C	KLF12
KLF8_HUMAN.H11MO.0.C	KLF8
KLF9_HUMAN.H11MO.0.C	KLF9
LHX3_HUMAN.H11MO.0.C	LHX3
MECP2_HUMAN.H11MO.0.C	MECP2
MTF1_HUMAN.H11MO.0.C	MTF1
MYF6_HUMAN.H11MO.0.C	MYF6
NF2L1_HUMAN.H11MO.0.C	NFE2L1
NFAC4_HUMAN.H11MO.0.C	NFATC4
NFIA_HUMAN.H11MO.0.C	NFIA
NKX28_HUMAN.H11MO.0.C	NKX2-8
NKX31_HUMAN.H11MO.0.C	NKX3-1
NKX32_HUMAN.H11MO.0.C	NKX3-2
NOBOX_HUMAN.H11MO.0.C	NOBOX
NR1I2_HUMAN.H11MO.0.C	NR1I2
NR1I3_HUMAN.H11MO.0.C	NR1I3
NR2C1_HUMAN.H11MO.0.C	NR2C1
NR2E3_HUMAN.H11MO.0.C	NR2E3
NR4A2_HUMAN.H11MO.0.C	NR4A2
OSR2_HUMAN.H11MO.0.C	OSR2
OVOL1_HUMAN.H11MO.0.C	OVOL1
OZF_HUMAN.H11MO.0.C	ZNF146
PATZ1_HUMAN.H11MO.0.C	PATZ1
PATZ1_HUMAN.H11MO.1.C	PATZ1
PAX6_HUMAN.H11MO.0.C	PAX6
PBX1_HUMAN.H11MO.1.C	PBX1
PBX2_HUMAN.H11MO.0.C	PBX2
PEBB_HUMAN.H11MO.0.C	CBFB
PIT1_HUMAN.H11MO.0.C	POU1F1
PO2F1_HUMAN.H11MO.0.C	POU2F1
PO3F1_HUMAN.H11MO.0.C	POU3F1
PRDM6_HUMAN.H11MO.0.C	PRDM6
PRRX2_HUMAN.H11MO.0.C	PRRX2
RELB_HUMAN.H11MO.0.C	RELB
RORA_HUMAN.H11MO.0.C	RORA
RORG_HUMAN.H11MO.0.C	RORC
RXRB_HUMAN.H11MO.0.C	RXRB
SMCA1_HUMAN.H11MO.0.C	SMARCA1
SMCA5_HUMAN.H11MO.0.C	SMARCA5
SNAI1_HUMAN.H11MO.0.C	SNAI1
SOX17_HUMAN.H11MO.0.C	SOX17
SOX5_HUMAN.H11MO.0.C	SOX5
TBX3_HUMAN.H11MO.0.C	TBX3
TFDP1_HUMAN.H11MO.0.C	TFDP1
TFEB_HUMAN.H11MO.0.C	TFEB
THAP1_HUMAN.H11MO.0.C	THAP1
THA_HUMAN.H11MO.0.C	THRA
THB_HUMAN.H11MO.0.C	THRB
VEZF1_HUMAN.H11MO.0.C	VEZF1
VEZF1_HUMAN.H11MO.1.C	VEZF1
WT1_HUMAN.H11MO.0.C	WT1
Z324A_HUMAN.H11MO.0.C	ZNF324
Z354A_HUMAN.H11MO.0.C	ZNF354A
ZBT14_HUMAN.H11MO.0.C	ZBTB14
ZBT18_HUMAN.H11MO.0.C	ZBTB18
ZBT48_HUMAN.H11MO.0.C	ZBTB48
ZBTB6_HUMAN.H11MO.0.C	ZBTB6
ZFP28_HUMAN.H11MO.0.C	ZFP28
ZFP82_HUMAN.H11MO.0.C	ZFP82
ZIM3_HUMAN.H11MO.0.C	ZIM3
ZN121_HUMAN.H11MO.0.C	ZNF121
ZN134_HUMAN.H11MO.0.C	ZNF134
ZN134_HUMAN.H11MO.1.C	ZNF134
ZN136_HUMAN.H11MO.0.C	ZNF136
ZN140_HUMAN.H11MO.0.C	ZNF140
ZN214_HUMAN.H11MO.0.C	ZNF214
ZN250_HUMAN.H11MO.0.C	ZNF250
ZN257_HUMAN.H11MO.0.C	ZNF257
ZN260_HUMAN.H11MO.0.C	ZNF260
ZN264_HUMAN.H11MO.0.C	ZNF264
ZN317_HUMAN.H11MO.0.C	ZNF317
ZN320_HUMAN.H11MO.0.C	ZNF320
ZN329_HUMAN.H11MO.0.C	ZNF329
ZN331_HUMAN.H11MO.0.C	ZNF331
ZN341_HUMAN.H11MO.0.C	ZNF341
ZN341_HUMAN.H11MO.1.C	ZNF341
ZN350_HUMAN.H11MO.0.C	ZNF350
ZN382_HUMAN.H11MO.0.C	ZNF382
ZN384_HUMAN.H11MO.0.C	ZNF384
ZN394_HUMAN.H11MO.0.C	ZNF394
ZN418_HUMAN.H11MO.0.C	ZNF418
ZN436_HUMAN.H11MO.0.C	ZNF436
ZN449_HUMAN.H11MO.0.C	ZNF449
ZN467_HUMAN.H11MO.0.C	ZNF467
ZN490_HUMAN.H11MO.0.C	ZNF490
ZN502_HUMAN.H11MO.0.C	ZNF502
ZN528_HUMAN.H11MO.0.C	ZNF528
ZN547_HUMAN.H11MO.0.C	ZNF547
ZN549_HUMAN.H11MO.0.C	ZNF549
ZN554_HUMAN.H11MO.0.C	ZNF554
ZN563_HUMAN.H11MO.0.C	ZNF563
ZN563_HUMAN.H11MO.1.C	ZNF563
ZN582_HUMAN.H11MO.0.C	ZNF582
ZN586_HUMAN.H11MO.0.C	ZNF586
ZN667_HUMAN.H11MO.0.C	ZNF667
ZN680_HUMAN.H11MO.0.C	ZNF680
ZN708_HUMAN.H11MO.0.C	ZNF708
ZN768_HUMAN.H11MO.0.C	ZNF768
ZN770_HUMAN.H11MO.0.C	ZNF770
ZN770_HUMAN.H11MO.1.C	ZNF770
ZN816_HUMAN.H11MO.0.C	ZNF816
ZN816_HUMAN.H11MO.1.C	ZNF816
ZNF18_HUMAN.H11MO.0.C	ZNF18
ZNF41_HUMAN.H11MO.0.C	ZNF41
ZNF41_HUMAN.H11MO.1.C	ZNF41
ZNF76_HUMAN.H11MO.0.C	ZNF76
ZNF85_HUMAN.H11MO.0.C	ZNF85
ZNF85_HUMAN.H11MO.1.C	ZNF85
ZNF8_HUMAN.H11MO.0.C	ZNF8
ZSC22_HUMAN.H11MO.0.C	ZSCAN22
ZSC31_HUMAN.H11MO.0.C	ZSCAN31
ALX3_HUMAN.H11MO.0.D	ALX3
ALX4_HUMAN.H11MO.0.D	ALX4
AP2D_HUMAN.H11MO.0.D	TFAP2D
ARI3A_HUMAN.H11MO.0.D	ARID3A
ARNT2_HUMAN.H11MO.0.D	ARNT2
ARX_HUMAN.H11MO.0.D	ARX
ASCL2_HUMAN.H11MO.0.D	ASCL2
ATF7_HUMAN.H11MO.0.D	ATF7
BARH1_HUMAN.H11MO.0.D	BARHL1
BARH2_HUMAN.H11MO.0.D	BARHL2
BARX1_HUMAN.H11MO.0.D	BARX1
BARX2_HUMAN.H11MO.0.D	BARX2
BCL6B_HUMAN.H11MO.0.D	BCL6B
BHE22_HUMAN.H11MO.0.D	BHLHE22
BHE23_HUMAN.H11MO.0.D	BHLHE23
BHE41_HUMAN.H11MO.0.D	BHLHE41
BPTF_HUMAN.H11MO.0.D	BPTF
BRCA1_HUMAN.H11MO.0.D	BRCA1
BSH_HUMAN.H11MO.0.D	BSX
CDC5L_HUMAN.H11MO.0.D	CDC5L
CEBPZ_HUMAN.H11MO.0.D	CEBPZ
CENPB_HUMAN.H11MO.0.D	CENPB
CPEB1_HUMAN.H11MO.0.D	CPEB1
CR3L1_HUMAN.H11MO.0.D	CREB3L1
CR3L2_HUMAN.H11MO.0.D	CREB3L2
CREB3_HUMAN.H11MO.0.D	CREB3
CREB5_HUMAN.H11MO.0.D	CREB5
CUX2_HUMAN.H11MO.0.D	CUX2
CXXC1_HUMAN.H11MO.0.D	CXXC1
DDIT3_HUMAN.H11MO.0.D	DDIT3
DLX1_HUMAN.H11MO.0.D	DLX1
DLX2_HUMAN.H11MO.0.D	DLX2
DLX4_HUMAN.H11MO.0.D	DLX4
DLX5_HUMAN.H11MO.0.D	DLX5
DLX6_HUMAN.H11MO.0.D	DLX6
DMBX1_HUMAN.H11MO.0.D	DMBX1
DMRT1_HUMAN.H11MO.0.D	DMRT1
DPRX_HUMAN.H11MO.0.D	DPRX
DRGX_HUMAN.H11MO.0.D	DRGX
DUXA_HUMAN.H11MO.0.D	DUXA
E2F8_HUMAN.H11MO.0.D	E2F8
E4F1_HUMAN.H11MO.0.D	E4F1
EGR3_HUMAN.H11MO.0.D	EGR3
EGR4_HUMAN.H11MO.0.D	EGR4
ELK3_HUMAN.H11MO.0.D	ELK3
EMX1_HUMAN.H11MO.0.D	EMX1
EMX2_HUMAN.H11MO.0.D	EMX2
EOMES_HUMAN.H11MO.0.D	EOMES
ESX1_HUMAN.H11MO.0.D	ESX1
ETV3_HUMAN.H11MO.0.D	ETV3
ETV6_HUMAN.H11MO.0.D	ETV6
ETV7_HUMAN.H11MO.0.D	ETV7
FIGLA_HUMAN.H11MO.0.D	FIGLA
FOXB1_HUMAN.H11MO.0.D	FOXB1
FOXC2_HUMAN.H11MO.0.D	FOXC2
FOXD1_HUMAN.H11MO.0.D	FOXD1
FOXD2_HUMAN.H11MO.0.D	FOXD2
FOXD3_HUMAN.H11MO.0.D	FOXD3
FOXF1_HUMAN.H11MO.0.D	FOXF1
FOXF2_HUMAN.H11MO.0.D	FOXF2
FOXG1_HUMAN.H11MO.0.D	FOXG1
FOXL1_HUMAN.H11MO.0.D	FOXL1
FOXO6_HUMAN.H11MO.0.D	FOXO6
FOXP3_HUMAN.H11MO.0.D	FOXP3
FUBP1_HUMAN.H11MO.0.D	FUBP1
GATA5_HUMAN.H11MO.0.D	GATA5
GBX1_HUMAN.H11MO.0.D	GBX1
GBX2_HUMAN.H11MO.0.D	GBX2
GCM1_HUMAN.H11MO.0.D	GCM1
GCM2_HUMAN.H11MO.0.D	GCM2
GLI1_HUMAN.H11MO.0.D	GLI1
GLI2_HUMAN.H11MO.0.D	GLI2
GLIS1_HUMAN.H11MO.0.D	GLIS1
GLIS2_HUMAN.H11MO.0.D	GLIS2
GLIS3_HUMAN.H11MO.0.D	GLIS3
GMEB2_HUMAN.H11MO.0.D	GMEB2
GRHL1_HUMAN.H11MO.0.D	GRHL1
GSC2_HUMAN.H11MO.0.D	GSC2
GSC_HUMAN.H11MO.0.D	GSC
GSX1_HUMAN.H11MO.0.D	GSX1
GSX2_HUMAN.H11MO.0.D	GSX2
HAND1_HUMAN.H11MO.0.D	HAND1
HAND1_HUMAN.H11MO.1.D	HAND1
HBP1_HUMAN.H11MO.0.D	HBP1
HES1_HUMAN.H11MO.0.D	HES1
HES5_HUMAN.H11MO.0.D	HES5
HES7_HUMAN.H11MO.0.D	HES7
HESX1_HUMAN.H11MO.0.D	HESX1
HEY1_HUMAN.H11MO.0.D	HEY1
HEY2_HUMAN.H11MO.0.D	HEY2
HIC2_HUMAN.H11MO.0.D	HIC2
HLTF_HUMAN.H11MO.0.D	HLTF
HMBX1_HUMAN.H11MO.0.D	HMBOX1
HME1_HUMAN.H11MO.0.D	EN1
HME2_HUMAN.H11MO.0.D	EN2
HMGA1_HUMAN.H11MO.0.D	HMGA1
HMGA2_HUMAN.H11MO.0.D	HMGA2
HMX1_HUMAN.H11MO.0.D	HMX1
HMX2_HUMAN.H11MO.0.D	HMX2
HMX3_HUMAN.H11MO.0.D	HMX3
HOMEZ_HUMAN.H11MO.0.D	HOMEZ
HSF4_HUMAN.H11MO.0.D	HSF4
HSFY1_HUMAN.H11MO.0.D	HSFY1; HSFY2
HXA11_HUMAN.H11MO.0.D	HOXA11
HXA2_HUMAN.H11MO.0.D	HOXA2
HXA5_HUMAN.H11MO.0.D	HOXA5
HXA7_HUMAN.H11MO.0.D	HOXA7
HXB1_HUMAN.H11MO.0.D	HOXB1
HXB2_HUMAN.H11MO.0.D	HOXB2
HXB3_HUMAN.H11MO.0.D	HOXB3
HXB6_HUMAN.H11MO.0.D	HOXB6
HXC10_HUMAN.H11MO.0.D	HOXC10
HXC11_HUMAN.H11MO.0.D	HOXC11
HXC12_HUMAN.H11MO.0.D	HOXC12
HXC13_HUMAN.H11MO.0.D	HOXC13
HXC6_HUMAN.H11MO.0.D	HOXC6
HXC8_HUMAN.H11MO.0.D	HOXC8
HXD10_HUMAN.H11MO.0.D	HOXD10
HXD11_HUMAN.H11MO.0.D	HOXD11
HXD12_HUMAN.H11MO.0.D	HOXD12
HXD13_HUMAN.H11MO.0.D	HOXD13
HXD3_HUMAN.H11MO.0.D	HOXD3
HXD4_HUMAN.H11MO.0.D	HOXD4
HXD8_HUMAN.H11MO.0.D	HOXD8
HXD9_HUMAN.H11MO.0.D	HOXD9
ID4_HUMAN.H11MO.0.D	ID4
IRF5_HUMAN.H11MO.0.D	IRF5
IRX2_HUMAN.H11MO.0.D	IRX2
IRX3_HUMAN.H11MO.0.D	IRX3
ISL2_HUMAN.H11MO.0.D	ISL2
ISX_HUMAN.H11MO.0.D	ISX
JDP2_HUMAN.H11MO.0.D	JDP2
KLF13_HUMAN.H11MO.0.D	KLF13
KLF14_HUMAN.H11MO.0.D	KLF14
KLF16_HUMAN.H11MO.0.D	KLF16
LBX2_HUMAN.H11MO.0.D	LBX2
LHX4_HUMAN.H11MO.0.D	LHX4
LHX6_HUMAN.H11MO.0.D	LHX6
LHX8_HUMAN.H11MO.0.D	LHX8
LHX9_HUMAN.H11MO.0.D	LHX9
LMX1A_HUMAN.H11MO.0.D	LMX1A
LMX1B_HUMAN.H11MO.0.D	LMX1B
MAFA_HUMAN.H11MO.0.D	MAFA
MCR_HUMAN.H11MO.0.D	NR3C2
MEIS3_HUMAN.H11MO.0.D	MEIS3
MEOX1_HUMAN.H11MO.0.D	MEOX1
MEOX2_HUMAN.H11MO.0.D	MEOX2
MESP1_HUMAN.H11MO.0.D	MESP1
MGAP_HUMAN.H11MO.0.D	MGA
MIXL1_HUMAN.H11MO.0.D	MIXL1
MLXPL_HUMAN.H11MO.0.D	MLXIPL
MLX_HUMAN.H11MO.0.D	MLX
MNX1_HUMAN.H11MO.0.D	MNX1
MSX1_HUMAN.H11MO.0.D	MSX1
MSX2_HUMAN.H11MO.0.D	MSX2
MYBA_HUMAN.H11MO.0.D	MYBL1
MYBB_HUMAN.H11MO.0.D	MYBL2
MYNN_HUMAN.H11MO.0.D	MYNN
NFAT5_HUMAN.H11MO.0.D	NFAT5
NFIA_HUMAN.H11MO.1.D	NFIA
NFIB_HUMAN.H11MO.0.D	NFIB
NFIL3_HUMAN.H11MO.0.D	NFIL3
NGN2_HUMAN.H11MO.0.D	NEUROG2
NKX22_HUMAN.H11MO.0.D	NKX2-2
NKX23_HUMAN.H11MO.0.D	NKX2-3
NKX62_HUMAN.H11MO.0.D	NKX6-2
NOTO_HUMAN.H11MO.0.D	NOTO
NR0B1_HUMAN.H11MO.0.D	NR0B1
NR1D1_HUMAN.H11MO.1.D	NR1D1
NR1H2_HUMAN.H11MO.0.D	NR1H2
NR1I2_HUMAN.H11MO.1.D	NR1I2
NR1I3_HUMAN.H11MO.1.D	NR1I3
NR2E1_HUMAN.H11MO.0.D	NR2E1
NR2F6_HUMAN.H11MO.0.D	NR2F6
NR4A3_HUMAN.H11MO.0.D	NR4A3
NRL_HUMAN.H11MO.0.D	NRL
OLIG1_HUMAN.H11MO.0.D	OLIG1
OLIG3_HUMAN.H11MO.0.D	OLIG3
ONEC2_HUMAN.H11MO.0.D	ONECUT2
ONEC3_HUMAN.H11MO.0.D	ONECUT3
OTX1_HUMAN.H11MO.0.D	OTX1
OVOL2_HUMAN.H11MO.0.D	OVOL2
P5F1B_HUMAN.H11MO.0.D	POU5F1B
PAX1_HUMAN.H11MO.0.D	PAX1
PAX2_HUMAN.H11MO.0.D	PAX2
PAX3_HUMAN.H11MO.0.D	PAX3
PAX4_HUMAN.H11MO.0.D	PAX4
PAX7_HUMAN.H11MO.0.D	PAX7
PAX8_HUMAN.H11MO.0.D	PAX8
PHX2A_HUMAN.H11MO.0.D	PHOX2A
PHX2B_HUMAN.H11MO.0.D	PHOX2B
PITX1_HUMAN.H11MO.0.D	PITX1
PITX2_HUMAN.H11MO.0.D	PITX2
PITX3_HUMAN.H11MO.0.D	PITX3
PLAG1_HUMAN.H11MO.0.D	PLAG1
PLAL1_HUMAN.H11MO.0.D	PLAGL1
PO2F3_HUMAN.H11MO.0.D	POU2F3
PO3F3_HUMAN.H11MO.0.D	POU3F3
PO3F4_HUMAN.H11MO.0.D	POU3F4
PO4F1_HUMAN.H11MO.0.D	POU4F1
PO4F2_HUMAN.H11MO.0.D	POU4F2
PO4F3_HUMAN.H11MO.0.D	POU4F3
PO6F1_HUMAN.H11MO.0.D	POU6F1
PO6F2_HUMAN.H11MO.0.D	POU6F2
PPARD_HUMAN.H11MO.0.D	PPARD
PRDM4_HUMAN.H11MO.0.D	PRDM4
PROP1_HUMAN.H11MO.0.D	PROP1
PROX1_HUMAN.H11MO.0.D	PROX1
PRRX1_HUMAN.H11MO.0.D	PRRX1
PURA_HUMAN.H11MO.0.D	PURA
RARB_HUMAN.H11MO.0.D	RARB
RARG_HUMAN.H11MO.2.D	RARG
RAX2_HUMAN.H11MO.0.D	RAX2
RFX4_HUMAN.H11MO.0.D	RFX4
RHXF1_HUMAN.H11MO.0.D	RHOXF1
RREB1_HUMAN.H11MO.0.D	RREB1
RX_HUMAN.H11MO.0.D	RAX
SCRT1_HUMAN.H11MO.0.D	SCRT1
SCRT2_HUMAN.H11MO.0.D	SCRT2
SHOX2_HUMAN.H11MO.0.D	SHOX2
SHOX_HUMAN.H11MO.0.D	SHOX
SMAD1_HUMAN.H11MO.0.D	SMAD1
SOX11_HUMAN.H11MO.0.D	SOX11
SOX13_HUMAN.H11MO.0.D	SOX13
SOX15_HUMAN.H11MO.0.D	SOX15
SOX18_HUMAN.H11MO.0.D	SOX18
SOX1_HUMAN.H11MO.0.D	SOX1
SOX21_HUMAN.H11MO.0.D	SOX21
SOX7_HUMAN.H11MO.0.D	SOX7
SOX8_HUMAN.H11MO.0.D	SOX8
SPDEF_HUMAN.H11MO.0.D	SPDEF
SPIC_HUMAN.H11MO.0.D	SPIC
SPZ1_HUMAN.H11MO.0.D	SPZ1
TBR1_HUMAN.H11MO.0.D	TBR1
TBX15_HUMAN.H11MO.0.D	TBX15
TBX19_HUMAN.H11MO.0.D	TBX19
TBX1_HUMAN.H11MO.0.D	TBX1
TBX20_HUMAN.H11MO.0.D	TBX20
TBX2_HUMAN.H11MO.0.D	TBX2
TBX4_HUMAN.H11MO.0.D	TBX4
TBX5_HUMAN.H11MO.0.D	TBX5
TEAD2_HUMAN.H11MO.0.D	TEAD2
TEAD3_HUMAN.H11MO.0.D	TEAD3
TEF_HUMAN.H11MO.0.D	TEF
TF2LX_HUMAN.H11MO.0.D	TGIF2LX
TFCP2_HUMAN.H11MO.0.D	TFCP2
TGIF2_HUMAN.H11MO.0.D	TGIF2
THA_HUMAN.H11MO.1.D	THRA
THB_HUMAN.H11MO.1.D	THRB
TLX1_HUMAN.H11MO.0.D	TLX1
TYY2_HUMAN.H11MO.0.D	YY2
UBIP1_HUMAN.H11MO.0.D	UBP1
UNC4_HUMAN.H11MO.0.D	UNCX
VAX1_HUMAN.H11MO.0.D	VAX1
VAX2_HUMAN.H11MO.0.D	VAX2
VENTX_HUMAN.H11MO.0.D	VENTX
VSX1_HUMAN.H11MO.0.D	VSX1
VSX2_HUMAN.H11MO.0.D	VSX2
XBP1_HUMAN.H11MO.0.D	XBP1
ZBED1_HUMAN.H11MO.0.D	ZBED1
ZBT49_HUMAN.H11MO.0.D	ZBTB49
ZBT7B_HUMAN.H11MO.0.D	ZBTB7B
ZBTB4_HUMAN.H11MO.0.D	ZBTB4
ZBTB4_HUMAN.H11MO.1.D	ZBTB4
ZEP1_HUMAN.H11MO.0.D	HIVEP1
ZEP2_HUMAN.H11MO.0.D	HIVEP2
ZF64A_HUMAN.H11MO.0.D	ZFP64
ZFHX3_HUMAN.H11MO.0.D	ZFHX3
ZIC2_HUMAN.H11MO.0.D	ZIC2
ZIC4_HUMAN.H11MO.0.D	ZIC4
ZKSC3_HUMAN.H11MO.0.D	ZKSCAN3
ZN148_HUMAN.H11MO.0.D	ZNF148
ZN219_HUMAN.H11MO.0.D	ZNF219
ZN232_HUMAN.H11MO.0.D	ZNF232
ZN282_HUMAN.H11MO.0.D	ZNF282
ZN333_HUMAN.H11MO.0.D	ZNF333
ZN350_HUMAN.H11MO.1.D	ZNF350
ZN394_HUMAN.H11MO.1.D	ZNF394
ZN410_HUMAN.H11MO.0.D	ZNF410
ZN418_HUMAN.H11MO.1.D	ZNF418
ZN423_HUMAN.H11MO.0.D	ZNF423
ZN524_HUMAN.H11MO.0.D	ZNF524
ZN554_HUMAN.H11MO.1.D	ZNF554
ZN589_HUMAN.H11MO.0.D	ZNF589
ZN652_HUMAN.H11MO.0.D	ZNF652
ZN708_HUMAN.H11MO.1.D	ZNF708
ZN713_HUMAN.H11MO.0.D	ZNF713
ZN740_HUMAN.H11MO.0.D	ZNF740
ZN784_HUMAN.H11MO.0.D	ZNF784
ZSC16_HUMAN.H11MO.0.D	ZSCAN16
ZSCA4_HUMAN.H11MO.0.D	ZSCAN4